Voltage(V),Current(A),Throttle(%),Temperature(C),Motor RPM
41.30,7.28,10.80,27.86,3928.32
41.30,5.14,8.80,28.46,3649.45
41.30,5.14,8.80,28.46,3728.25
41.30,7.28,8.80,28.46,3760.59
41.30,5.14,9.20,28.46,3831.79
41.30,5.14,8.80,28.46,3789.50
41.30,5.14,8.80,28.46,3794.44
40.95,3.00,8.80,28.46,3775.23
40.95,3.00,9.20,28.46,3867.67
40.95,5.14,8.80,28.46,3771.97
40.95,3.00,9.20,28.46,3805.31
40.95,3.00,8.80,28.46,3705.87
41.30,3.00,8.80,28.46,3693.33
41.30,3.00,8.80,28.46,3700.71
40.95,5.14,6.00,28.46,3496.44
40.95,5.14,13.60,29.07,4547.63
40.95,7.28,12.40,29.07,4487.53
40.95,7.28,12.40,29.07,4471.77
40.95,5.14,12.40,29.07,4481.28
40.95,5.14,12.40,29.68,4548.98
40.95,7.28,12.40,29.68,4671.71
40.95,7.28,12.40,29.68,4718.60
40.95,5.14,12.40,29.68,4687.12
40.95,5.14,12.40,29.68,4944.56
40.95,7.28,12.40,29.68,4932.20
40.95,7.28,12.40,29.68,4970.70
40.95,7.28,12.40,29.68,4921.87
40.95,7.28,12.40,29.68,4864.29
40.95,7.28,12.40,29.68,4986.11
40.95,7.28,12.40,29.68,4873.60
40.95,7.28,12.40,29.07,6025.11
40.95,5.14,12.40,29.07,5851.49
40.95,7.28,12.40,29.07,4827.41
40.95,7.28,12.40,29.07,4867.00
40.95,5.14,12.40,28.46,4844.25
40.95,7.28,12.40,28.46,5102.65
40.95,9.42,12.40,28.46,4614.23
40.95,9.42,12.40,28.46,4466.55
40.95,5.14,12.40,28.46,4643.67
40.95,5.14,12.40,27.86,4736.88
40.95,7.28,12.40,27.86,4773.13
40.95,5.14,12.40,27.86,4800.12
40.95,3.00,12.40,27.86,4859.65
40.95,3.00,12.40,27.86,4918.70
40.95,3.00,12.40,27.86,4964.64
40.95,3.00,12.40,27.25,4980.42
40.95,5.14,12.40,27.25,5021.33
40.60,13.70,40.80,27.25,13147.92
40.60,26.54,47.60,27.25,15770.04
40.25,32.96,48.40,27.25,15193.81
39.90,32.96,47.20,27.25,14543.11
39.90,32.96,48.40,27.25,14321.63
39.55,35.10,48.40,27.25,14123.08
39.55,39.38,48.40,26.64,14074.30
39.55,37.24,45.60,26.64,13425.15
39.55,30.82,39.20,26.64,12433.83
39.55,26.54,39.20,26.64,12264.18
39.55,24.40,36.80,26.03,11945.42
39.55,22.26,35.20,26.03,11714.20
39.90,22.26,34.00,25.42,11338.29
39.90,11.56,12.40,25.42,6902.85
39.90,3.00,12.40,25.42,6463.43
40.25,5.14,12.40,25.42,6035.22
40.25,5.14,12.40,25.42,6461.38
40.60,5.14,12.40,25.42,6560.56
40.60,5.14,12.40,25.42,6492.27
40.60,5.14,12.40,25.42,6429.44
40.60,5.14,12.40,25.42,5847.02
40.60,5.14,12.40,25.42,4848.09
40.60,5.14,12.40,25.42,4737.61
40.60,7.28,12.40,25.42,4773.50
40.60,13.70,20.00,26.64,5792.71
40.60,13.70,20.80,27.25,6232.13
40.60,11.56,20.80,27.86,6552.82
40.60,13.70,20.80,28.46,8223.42
40.60,13.70,20.80,28.46,8607.90
40.60,13.70,20.80,29.07,8633.43
40.60,13.70,20.80,29.07,9011.45
40.60,11.56,20.80,29.07,8990.25
40.60,13.70,20.40,29.07,8868.93
40.60,13.70,20.40,29.07,8920.71
40.60,11.56,20.40,28.46,8902.52
40.60,22.26,50.40,28.46,16127.89
40.25,32.96,49.60,28.46,15553.36
40.25,39.38,51.60,28.46,15525.70
39.90,41.52,49.60,28.46,14832.49
39.55,39.38,47.20,28.46,14291.49
39.55,39.38,44.40,28.46,13708.16
39.55,35.10,45.60,27.86,13607.46
39.55,30.82,41.20,27.86,13159.25
39.55,30.82,41.20,27.86,13145.10
39.90,32.96,41.20,27.25,13256.28
39.90,32.96,41.20,27.25,13247.66
39.90,30.82,42.40,27.25,13529.15
39.55,30.82,42.40,27.25,13595.35
39.55,35.10,43.20,26.64,13797.90
39.55,37.24,47.60,26.64,14178.77
39.55,39.38,49.60,26.64,14481.09
39.55,39.38,44.40,26.64,13386.92
39.55,35.10,41.20,26.64,12597.83
39.55,32.96,36.80,26.64,11912.82
39.55,30.82,34.00,26.03,11515.58
39.55,26.54,36.00,26.03,11795.58
39.55,24.40,35.20,26.03,11570.07
39.90,26.54,35.20,26.03,11483.13
39.90,28.68,34.00,26.03,11391.11
39.90,26.54,34.00,26.03,11350.92
39.55,24.40,34.00,25.42,11393.23
39.55,24.40,34.00,25.42,11382.63
39.55,28.68,36.00,25.42,11806.97
39.55,26.54,35.20,26.03,11747.97
39.55,24.40,35.20,25.42,11660.57
39.55,26.54,35.20,25.42,11682.85
39.55,26.54,34.00,25.42,11461.60
39.55,24.40,35.20,25.42,11669.47
39.55,26.54,35.20,25.42,11743.46
39.55,26.54,35.20,25.42,11640.58
39.55,17.98,20.40,25.42,8601.84
39.90,7.28,6.00,25.42,3955.78
39.90,5.14,6.00,25.42,3718.05
40.25,5.14,6.00,25.42,3984.40
40.25,5.14,6.00,25.42,3079.33
40.25,5.14,6.00,24.82,2615.30
40.25,5.14,6.00,24.82,2673.52
40.60,5.14,6.00,24.82,2684.09
40.60,5.14,6.00,25.42,2720.76
40.60,7.28,13.60,26.03,4440.59
40.60,9.42,12.80,27.25,4562.23
40.60,9.42,12.80,28.46,4665.29
40.60,11.56,12.80,28.46,4697.92
40.60,9.42,12.80,28.46,4729.92
40.60,9.42,12.80,28.46,4753.83
40.60,9.42,12.80,28.46,4749.02
40.60,7.28,12.40,28.46,4710.96
40.60,7.28,12.80,29.07,4778.73
40.60,9.42,12.80,29.07,4788.84
40.60,11.56,12.80,29.07,4663.52
40.60,11.56,12.80,28.46,4592.04
40.60,11.56,12.80,29.07,4517.38
40.60,11.56,12.80,29.07,4755.31
40.60,11.56,12.40,29.07,4657.12
40.60,11.56,12.40,29.07,4661.38
40.60,9.42,12.40,29.07,4697.20
40.60,9.42,12.40,29.07,4785.84
40.60,11.56,12.40,29.07,4885.68
40.60,11.56,12.40,29.07,4873.21
40.60,9.42,12.40,29.07,4903.71
40.60,9.42,12.40,29.07,4895.07
40.60,11.56,12.40,29.07,4919.49
40.60,9.42,12.40,29.07,4925.04
40.60,9.42,24.80,28.46,7455.14
40.25,24.40,50.40,29.07,16191.97
40.25,37.24,51.60,29.07,15673.00
39.90,39.38,51.60,29.07,15277.35
39.55,39.38,48.40,29.07,14491.39
39.55,39.38,49.60,29.07,14619.63
39.20,43.66,46.40,28.46,13773.03
39.20,39.38,45.60,28.46,13668.31
39.20,32.96,43.20,28.46,13139.44
39.20,32.96,41.20,28.46,12800.98
39.20,30.82,40.00,27.86,12574.51
39.55,28.68,39.20,27.86,12454.09
39.55,28.68,40.00,27.86,12665.71
39.20,28.68,41.60,27.25,12974.89
39.20,30.82,42.40,27.25,13276.43
39.20,32.96,45.60,26.64,13854.19
39.20,35.10,47.20,26.64,13895.13
39.20,37.24,47.20,26.64,13559.16
39.20,37.24,42.40,26.64,13199.03
39.20,35.10,39.20,26.64,12205.41
39.20,26.54,36.00,26.64,11629.51
39.20,26.54,35.20,26.64,11478.82
39.55,15.84,12.40,26.03,6541.60
39.55,7.28,12.40,26.03,6089.94
39.90,7.28,12.40,26.03,6936.53
39.90,7.28,12.40,26.03,6909.09
40.25,9.42,12.40,26.03,4880.99
40.25,7.28,13.60,26.64,4418.76
40.25,7.28,16.40,27.86,5227.46
40.25,7.28,16.00,28.46,5190.62
40.25,5.14,16.40,29.07,5766.48
40.60,7.28,16.40,29.07,7162.49
40.60,9.42,16.40,29.07,6463.43
40.60,9.42,16.40,29.07,6651.94
40.60,9.42,16.40,29.07,6540.90
40.60,9.42,17.20,29.07,5926.96
40.25,9.42,24.80,29.07,7979.73
40.25,13.70,26.40,29.07,9699.25
40.25,17.98,26.40,29.07,10606.40
40.25,15.84,26.40,29.68,10536.92
39.90,15.84,26.40,29.07,10316.40
39.90,15.84,26.40,29.07,10292.08
39.90,13.70,26.40,29.07,10133.40
39.90,15.84,26.40,29.07,10106.60
39.90,15.84,26.40,28.46,10048.45
39.90,15.84,26.40,28.46,9948.68
39.90,15.84,26.40,28.46,9947.06
39.90,15.84,26.40,28.46,9948.68
40.25,15.84,26.40,27.86,9940.59
40.25,15.84,26.40,27.86,9961.65
40.25,15.84,26.40,27.86,9945.44
40.25,17.98,26.40,27.86,9950.30
40.25,17.98,26.40,27.86,9955.16
40.25,17.98,26.40,27.25,9953.54
40.25,17.98,26.40,27.25,9948.68
40.25,17.98,26.40,27.25,9951.92
40.25,17.98,26.40,27.25,9955.16
40.25,17.98,26.40,27.25,9960.03
40.25,17.98,26.40,26.64,9977.91
40.25,17.98,26.40,26.64,9916.40
40.25,17.98,26.40,26.64,9950.30
40.25,17.98,26.40,26.64,9938.97
40.25,15.84,26.40,26.64,9955.16
40.25,15.84,26.40,26.64,9961.65
40.25,15.84,26.40,26.03,9950.30
40.25,17.98,26.40,26.03,9960.03
39.90,15.84,26.00,26.03,9722.39
39.90,15.84,26.40,26.03,10155.29
39.90,17.98,26.40,26.64,11029.36
39.90,15.84,20.40,26.64,9762.77
39.90,9.42,12.40,26.64,6966.57
39.90,5.14,12.40,26.64,6857.93
39.90,5.14,12.40,26.03,6086.30
40.25,7.28,12.40,26.03,4319.46
40.25,7.28,12.40,26.03,4311.84
40.25,5.14,12.80,26.03,4404.75
40.25,7.28,16.40,26.03,5310.11
40.25,11.56,16.40,25.42,5566.91
40.25,9.42,16.40,25.42,5833.62
40.25,11.56,16.80,25.42,5918.35
40.25,9.42,16.40,26.03,6799.94
40.25,7.28,16.80,26.03,6789.37
40.25,9.42,16.40,26.03,7237.12
40.25,11.56,19.60,26.64,8070.33
40.25,11.56,19.20,26.64,8778.50
39.90,9.42,21.20,26.64,9645.68
39.90,11.56,21.60,26.03,9866.78
39.90,11.56,21.60,26.03,9835.03
39.90,11.56,21.60,26.64,10162.04
39.90,13.70,22.40,26.64,7749.07
39.90,11.56,22.40,26.64,8683.72
39.90,11.56,21.60,26.64,8302.73
39.90,11.56,21.60,26.03,8370.95
39.90,11.56,22.40,26.03,8198.05
39.90,13.70,21.60,26.03,7967.24
39.90,11.56,22.40,26.03,7910.53
39.90,9.42,20.40,26.64,8728.36
39.90,11.56,20.40,26.64,8935.05
39.90,13.70,20.40,27.25,9134.00
39.90,11.56,21.60,27.25,9805.05
39.90,11.56,21.60,27.25,9759.65
39.90,11.56,23.60,26.64,10093.25
39.90,11.56,23.60,26.64,8727.11
39.90,11.56,23.60,26.64,9389.35
39.90,13.70,22.80,27.25,9849.29
39.90,13.70,23.60,27.25,9537.32
39.90,13.70,23.60,27.25,8844.55
39.90,13.70,23.60,27.25,9607.78
39.90,13.70,23.60,27.25,10060.02
39.90,15.84,23.60,27.25,10295.55
39.90,15.84,23.60,27.25,10299.02
39.90,13.70,23.60,27.25,9150.40
39.90,11.56,23.60,27.25,10093.25
39.90,13.70,24.40,27.25,10641.49
39.90,13.70,24.40,27.25,10375.95
39.90,13.70,24.40,27.25,9854.05
39.90,13.70,21.60,27.25,9234.73
39.90,13.70,22.40,27.25,9501.74
39.90,11.56,21.60,27.25,9124.45
39.90,11.56,22.40,27.25,9937.36
39.90,11.56,23.60,27.25,10274.78
39.90,11.56,24.40,27.25,10439.74
39.90,13.70,25.60,27.25,9112.21
39.90,15.84,24.40,27.25,10522.41
39.90,15.84,25.60,26.64,10971.94
39.90,13.70,25.60,26.64,10938.56
39.90,13.70,25.60,26.64,9385.03
39.90,15.84,25.60,26.64,9846.12
39.90,15.84,25.60,26.64,10151.92
39.90,13.70,25.60,26.64,10187.45
39.55,13.70,24.40,26.64,10204.46
39.55,11.56,24.40,27.25,10140.13
39.55,11.56,24.40,27.25,10405.97
39.55,13.70,26.40,27.25,10635.93
39.55,13.70,24.80,26.64,10751.92
39.90,13.70,26.80,26.64,11425.18
39.55,15.84,25.60,26.64,10872.41
39.55,13.70,25.60,26.64,10319.89
39.55,11.56,23.60,26.64,10036.90
39.55,11.56,23.60,26.64,9653.30
39.55,11.56,23.60,26.64,9731.68
39.90,11.56,23.60,26.64,9916.40
39.90,13.70,23.60,26.64,10066.65
39.90,13.70,24.40,26.64,10226.65
39.90,11.56,24.40,26.64,10626.69
39.90,13.70,24.40,26.64,10446.88
39.90,11.56,24.80,26.64,10212.98
39.90,11.56,26.80,26.64,11207.31
39.55,13.70,27.60,26.64,11156.18
39.55,13.70,27.60,26.64,11350.92
39.55,15.84,27.60,26.64,10774.67
39.55,17.98,27.60,26.64,10470.14
39.55,17.98,26.80,26.64,10738.70
39.90,15.84,27.60,26.64,10757.60
39.90,11.56,25.60,26.64,10160.35
39.90,13.70,25.60,26.64,9942.21
39.90,15.84,24.40,26.64,9963.28
39.90,13.70,25.60,26.64,10375.95
39.90,13.70,25.60,26.64,10443.31
39.90,15.84,27.60,26.64,11071.31
39.90,15.84,28.80,26.64,11254.78
39.90,15.84,27.60,26.64,11292.20
39.90,17.98,26.80,26.64,10363.63
39.90,15.84,25.60,26.64,10064.99
39.90,11.56,26.80,26.03,10109.94
39.90,13.70,25.60,26.03,10027.02
39.55,13.70,24.80,26.03,9857.23
39.55,15.84,24.40,26.64,10038.54
39.55,13.70,24.40,26.03,9645.68
39.55,11.56,22.40,26.03,9299.36
39.55,11.56,23.60,26.03,9467.89
39.55,11.56,23.60,26.64,9247.31
39.55,11.56,23.60,26.03,9362.03
39.90,11.56,24.40,26.64,9583.68
39.90,13.70,24.80,26.03,9559.70
39.90,15.84,24.40,26.03,9552.23
39.90,15.84,26.80,26.03,9800.34
39.90,13.70,24.40,26.03,9376.39
39.55,13.70,25.60,26.03,9736.33
39.55,15.84,25.60,26.03,9716.21
39.55,15.84,24.40,26.64,9424.10
39.55,13.70,25.60,26.03,9714.67
39.55,15.84,25.60,26.03,9716.21
39.90,17.98,25.60,26.03,9759.65
39.55,15.84,25.60,26.03,9694.64
39.55,13.70,25.60,26.03,9667.04
39.55,11.56,23.60,26.03,9187.54
39.55,11.56,23.60,26.03,9190.30
39.55,11.56,21.60,25.42,9004.82
39.55,11.56,23.60,26.03,8998.19
39.55,11.56,23.60,26.03,9248.71
39.90,13.70,21.60,26.03,8786.07
39.90,15.84,22.80,26.03,9020.76
39.90,15.84,21.60,26.03,8728.36
39.55,11.56,21.60,25.42,8950.75
39.55,11.56,21.60,26.03,8743.34
39.55,11.56,21.60,26.03,8847.11
39.55,11.56,21.60,26.03,8822.85
39.55,11.56,21.60,26.03,8805.06
39.55,9.42,21.60,25.42,8825.40
39.55,9.42,22.80,26.03,9026.09
39.90,13.70,21.60,26.03,9026.09
39.90,13.70,23.60,26.03,9288.06
39.90,11.56,24.40,26.03,9484.05
39.55,11.56,24.40,26.03,9559.70
39.55,11.56,23.60,26.03,9332.01
39.55,11.56,23.60,26.03,9283.82
39.55,11.56,23.60,26.03,9326.32
39.55,11.56,22.40,26.03,8988.93
39.55,11.56,22.40,25.42,9011.45
39.55,11.56,22.40,26.03,9157.26
39.55,11.56,22.40,26.03,8945.51
39.55,13.70,22.40,26.03,9086.47
39.55,13.70,22.80,26.03,9128.54
39.55,11.56,22.80,26.03,9024.76
39.55,11.56,22.80,26.03,9120.37
39.55,11.56,22.80,26.03,9113.57
39.55,11.56,22.80,25.42,9140.82
39.55,11.56,21.60,26.03,8863.79
39.90,9.42,16.80,26.03,7473.37
39.90,9.42,16.80,26.03,7638.68
39.90,9.42,16.80,25.42,7700.26
39.90,9.42,16.80,26.03,7792.54
39.90,9.42,16.80,26.03,7806.47
39.90,9.42,16.80,26.03,7957.91
39.90,9.42,16.40,26.03,7958.94
39.90,7.28,16.40,26.03,6711.10
39.90,9.42,16.40,25.42,5524.65
39.90,11.56,16.40,25.42,5507.72
39.90,11.56,16.40,25.42,5548.22
39.90,9.42,16.40,25.42,5727.58
39.90,7.28,16.40,25.42,6107.58
39.90,9.42,16.40,25.42,6184.21
39.90,7.28,16.40,26.03,7188.60
39.90,7.28,16.40,26.03,7219.17
39.90,7.28,19.20,26.03,8168.47
39.90,7.28,19.60,26.03,8720.89
39.55,9.42,20.40,26.03,8815.21
39.55,9.42,20.40,26.03,9158.63
39.55,9.42,20.40,26.03,9467.89
39.55,9.42,21.60,26.03,9688.49
39.55,11.56,22.40,26.03,10351.35
39.55,11.56,22.80,26.64,9169.62
39.55,13.70,22.40,26.64,8434.48
39.55,13.70,20.40,26.64,9540.30
39.55,11.56,21.60,26.64,9947.06
39.90,11.56,21.60,26.64,9612.31
39.90,11.56,21.60,26.64,9945.44
39.55,15.84,22.40,26.03,7949.63
39.55,15.84,23.60,26.64,9177.88
39.55,13.70,23.60,26.64,8822.85
39.55,13.70,21.60,26.64,7964.13
39.55,13.70,22.40,26.64,9201.37
39.55,11.56,20.40,26.64,8991.57
39.55,11.56,21.60,26.64,9125.81
39.55,11.56,21.60,26.64,9372.08
39.55,11.56,24.80,27.25,10130.04
39.55,7.28,7.20,27.25,4653.57
39.55,13.70,30.40,27.86,7730.45
39.55,22.26,32.00,28.46,11246.49
39.55,17.98,32.00,29.68,11217.60
39.55,17.98,32.00,29.68,10897.61
39.55,20.12,32.00,29.68,11083.35
39.55,17.98,32.00,29.68,11160.25
39.55,20.12,32.00,29.68,10860.82
39.55,22.26,37.60,29.68,13668.31
39.55,24.40,43.60,29.68,13766.82
39.20,28.68,46.40,29.68,14563.90
39.20,30.82,47.60,30.29,14211.74
39.20,32.96,48.00,30.29,13974.55
38.85,35.10,48.40,30.29,13847.91
38.85,37.24,48.00,30.29,13810.37
38.85,37.24,48.00,29.68,13735.89
38.85,37.24,48.00,29.68,13653.05
38.85,32.96,47.60,29.68,13686.68
38.85,32.96,47.60,29.68,13674.43
38.85,35.10,47.60,29.68,13659.15
38.85,35.10,47.20,29.07,13490.33
38.85,30.82,37.60,29.07,12125.51
38.85,26.54,36.00,28.46,11707.47
38.85,24.40,36.00,28.46,11550.40
38.85,22.26,36.00,27.86,11678.39
38.85,22.26,35.60,27.86,11496.09
39.20,15.84,18.40,27.86,8454.31
39.20,9.42,8.00,27.25,3460.02
39.20,7.28,8.80,27.25,3543.05
39.55,7.28,8.80,26.64,3567.24
39.55,5.14,8.80,26.64,3627.36
39.55,11.56,21.60,26.64,6291.14
39.55,13.70,23.60,26.64,6886.51
39.55,15.84,23.60,26.64,8388.18
39.55,20.12,22.40,26.64,7953.77
39.55,15.84,22.80,26.64,8613.96
39.55,13.70,21.60,26.64,9022.09
39.55,13.70,22.40,27.25,9262.72
39.55,15.84,22.80,27.25,9350.57
39.55,15.84,22.40,27.25,9199.98
39.55,13.70,21.60,27.25,9020.76
39.55,13.70,21.60,27.25,9467.89
39.55,13.70,21.60,27.25,9380.71
39.55,13.70,21.60,27.25,9858.82
39.55,13.70,23.60,27.25,9326.32
39.55,13.70,23.60,27.25,9708.50
39.55,13.70,23.60,27.25,8789.86
39.55,13.70,23.60,27.25,10319.89
39.55,15.84,23.60,27.25,10290.35
39.55,13.70,23.60,27.86,9177.88
39.55,15.84,23.60,27.86,8697.31
39.55,15.84,23.60,27.86,9723.94
39.55,13.70,23.60,27.86,9674.69
39.55,15.84,23.60,27.86,9995.86
39.55,15.84,23.60,27.86,9935.74
39.55,15.84,23.60,27.86,10347.84
39.55,15.84,23.60,27.86,9930.90
39.55,15.84,24.40,27.86,9960.03
39.55,17.98,24.40,27.86,9513.57
39.55,17.98,24.40,27.86,9716.21
39.55,13.70,24.40,27.86,10109.94
39.55,13.70,24.40,27.86,10238.64
39.55,13.70,24.40,27.86,10140.13
39.55,15.84,23.60,27.86,10226.65
39.55,13.70,23.60,27.25,10509.75
39.55,13.70,23.60,27.25,9958.41
39.55,15.84,24.40,27.25,8857.37
39.55,15.84,24.80,27.25,9272.56
39.55,15.84,25.60,27.86,9429.91
39.55,17.98,25.60,27.25,9380.71
39.20,15.84,25.60,27.25,9024.76
39.20,15.84,24.40,27.25,9694.64
39.20,15.84,22.80,27.25,9363.46
39.20,15.84,22.40,27.25,9319.21
39.20,13.70,22.40,27.25,9488.47
39.20,11.56,22.40,27.86,9553.72
39.20,11.56,22.40,27.86,9873.15
39.20,15.84,22.80,27.25,9968.15
39.20,15.84,23.60,27.25,10606.40
39.20,13.70,23.60,27.86,10163.73
39.55,13.70,24.40,27.86,9719.30
39.55,15.84,25.60,27.86,9586.68
39.55,17.98,26.80,27.25,10624.84
39.55,15.84,26.80,27.25,11091.40
39.55,17.98,26.80,27.86,10177.27
39.55,17.98,26.80,27.86,10285.16
39.20,15.84,26.80,27.86,10488.11
39.20,15.84,26.80,27.25,10602.72
39.20,15.84,26.80,27.86,10335.59
39.20,17.98,25.60,27.86,9916.40
39.20,15.84,24.40,27.86,9819.23
39.20,13.70,25.60,27.86,10106.60
39.20,17.98,25.60,27.86,10354.85
39.20,20.12,26.80,27.25,10680.53
39.20,20.12,25.60,27.25,10094.91
39.20,17.98,24.40,27.25,9828.70
39.20,15.84,23.60,27.25,9494.36
39.20,15.84,23.60,27.25,9448.86
39.20,15.84,23.60,27.25,9650.25
39.20,17.98,23.60,27.25,9789.35
39.20,15.84,23.60,27.25,9765.89
39.20,15.84,24.40,27.25,10121.66
39.20,13.70,26.40,26.64,10628.53
39.20,13.70,25.60,26.64,10617.46
39.20,15.84,26.80,27.25,11258.92
39.20,17.98,27.60,27.25,11405.99
39.20,17.98,27.60,27.25,11250.63
39.20,17.98,28.80,27.25,11367.81
39.20,17.98,28.80,26.64,10520.60
39.20,20.12,27.60,26.64,10768.97
39.20,20.12,27.60,26.64,10661.90
39.20,17.98,27.60,27.25,10347.84
39.20,15.84,26.80,27.25,10354.85
39.20,17.98,25.60,27.25,10393.59
39.20,17.98,25.60,27.25,10434.40
39.20,17.98,25.60,27.25,10613.77
39.20,17.98,27.60,27.25,11085.36
39.20,20.12,28.80,27.25,11420.91
39.20,20.12,28.80,26.64,11395.36
39.20,20.12,25.60,26.64,10212.98
39.20,17.98,26.80,26.64,10337.34
39.20,17.98,25.60,26.64,9897.13
39.20,17.98,25.60,26.64,9947.06
39.20,15.84,25.60,26.64,9950.30
39.20,15.84,25.60,27.25,9947.06
39.20,15.84,26.80,27.25,10558.77
39.20,15.84,27.60,27.25,10589.86
39.20,17.98,27.60,26.64,10753.82
39.20,20.12,28.80,26.64,11051.29
39.20,17.98,28.80,26.64,11057.29
39.20,15.84,28.80,27.25,10862.75
39.20,17.98,28.80,27.25,10909.28
39.20,17.98,28.80,26.64,10872.41
39.20,20.12,30.00,26.64,10621.15
39.20,17.98,28.80,26.64,10402.43
39.20,15.84,26.80,26.64,9989.33
39.20,15.84,26.80,26.64,9754.98
39.20,15.84,25.60,26.64,9558.20
39.20,15.84,25.60,26.64,9369.21
39.20,17.98,25.60,26.64,9360.60
39.20,15.84,25.60,26.64,9497.31
39.20,15.84,25.60,26.64,9390.80
39.20,17.98,26.80,26.64,9659.40
39.20,20.12,27.60,26.64,9865.19
39.20,20.12,24.80,26.64,9286.64
39.20,17.98,22.40,26.64,8847.11
39.20,15.84,22.80,26.03,8808.86
39.20,15.84,22.80,26.03,8812.67
39.20,13.70,22.80,26.03,8856.08
39.20,11.56,22.80,26.03,8902.52
39.20,13.70,22.80,25.42,8983.64
39.20,15.84,22.80,25.42,8925.92
39.20,15.84,22.80,26.03,8938.97
39.20,13.70,22.80,26.03,8974.41
39.20,13.70,23.60,26.64,9212.46
39.20,11.56,22.40,26.64,9043.45
39.20,13.70,23.60,26.64,9153.14
39.20,15.84,25.60,26.03,9418.29
39.20,13.70,22.40,26.03,8868.93
39.20,13.70,23.60,26.03,9275.37
39.20,13.70,23.60,26.03,9222.19
39.20,15.84,23.60,26.03,9191.68
39.20,13.70,22.80,26.03,9173.75
39.20,11.56,23.60,26.03,9241.71
39.20,13.70,23.60,26.03,9209.69
39.20,15.84,23.60,26.03,9220.80
39.20,15.84,23.60,26.03,9187.54
39.20,15.84,22.80,26.03,9153.14
39.20,15.84,23.60,26.03,9213.85
39.20,13.70,21.60,25.42,8813.94
39.20,15.84,23.60,26.03,9265.53
39.20,15.84,22.80,26.03,8954.69
39.20,15.84,22.40,26.03,8969.14
39.20,13.70,22.80,26.03,8994.22
39.20,13.70,22.40,26.03,8928.53
39.20,13.70,22.40,26.03,9110.85
39.20,13.70,24.40,26.03,9219.41
39.20,13.70,24.40,26.03,9456.17
39.20,13.70,24.40,26.03,9532.86
39.20,15.84,24.80,26.03,9567.18
39.20,15.84,24.40,26.03,9512.09
39.20,15.84,23.60,26.03,9319.21
39.20,15.84,24.40,26.03,9369.21
39.20,17.98,24.40,26.03,9489.94
39.20,17.98,23.60,26.03,9121.73
39.20,15.84,23.60,26.03,9281.00
39.20,13.70,23.60,26.03,9199.98
39.20,13.70,23.60,26.03,9236.13
39.20,13.70,23.60,26.03,9183.40
39.20,11.56,23.60,26.03,9208.30
39.20,13.70,23.60,26.03,9202.75
39.20,13.70,23.60,26.03,9188.92
39.20,13.70,22.40,26.03,8910.31
39.20,11.56,8.80,26.03,4779.47
39.20,5.14,8.80,26.03,4562.23
39.20,5.14,8.80,26.03,4317.02
39.20,5.14,8.80,26.03,3979.99
39.55,5.14,8.80,26.03,3768.48
39.55,5.14,8.80,26.03,3711.27
39.55,5.14,8.80,26.03,3688.21
39.55,7.28,8.80,26.03,3613.21
39.55,7.28,7.60,25.42,3264.34
39.55,7.28,6.00,26.03,2570.75
39.55,3.00,6.80,27.25,2682.79
39.55,3.00,13.60,27.86,4449.96
39.55,7.28,20.80,27.86,5914.91
39.55,15.84,32.40,27.86,9742.54
39.20,26.54,44.80,27.86,14937.61
39.20,32.96,63.20,27.86,18295.33
38.85,45.80,87.20,27.86,20854.55
38.15,86.46,100.00,27.86,22944.71
37.10,127.12,100.00,28.46,22571.90
36.40,142.10,100.00,28.46,22235.25
35.70,139.96,100.00,28.46,22970.57
35.00,129.26,100.00,28.46,23321.13
35.35,124.98,100.00,27.86,27082.28
36.05,82.18,54.80,27.86,14539.65
36.40,37.24,47.20,27.86,12963.88
37.10,41.52,59.20,27.86,15114.91
37.45,60.78,70.00,27.25,16623.52
37.10,65.06,67.60,27.25,16719.01
37.10,50.08,58.00,26.64,14883.05
37.10,43.66,58.00,26.64,14825.30
37.10,37.24,50.40,26.64,13517.18
37.45,20.12,8.00,26.64,7034.72
38.15,5.14,11.20,27.25,4100.68
38.50,3.00,12.40,28.46,4182.90
38.85,5.14,12.40,29.07,4189.21
39.20,9.42,12.40,29.07,4194.96
39.55,9.42,12.40,29.68,4213.17
39.55,9.42,12.40,29.68,4242.12
39.55,7.28,12.40,29.68,4233.01
39.55,7.28,12.40,29.68,4273.56
39.55,7.28,12.40,29.68,4240.06
39.55,7.28,12.40,29.68,4243.89
39.55,7.28,12.40,30.29,4235.36
39.55,7.28,12.40,30.29,4250.97
39.55,5.14,12.40,30.29,4262.23
39.55,5.14,12.40,29.68,4315.50
39.55,7.28,12.40,29.68,4414.29
39.55,9.42,12.40,29.68,4505.40
39.55,9.42,12.40,30.29,4599.30
39.55,7.28,12.40,30.29,4695.40
39.55,7.28,12.40,30.29,4636.28
39.55,7.28,12.40,30.29,4638.39
39.55,5.14,12.40,30.29,4632.06
39.55,5.14,8.80,30.29,3757.13
39.55,5.14,8.80,30.29,3855.72
39.55,5.14,8.80,30.29,3790.68
39.55,5.14,8.80,30.29,3749.75
39.55,3.00,8.80,30.29,3732.12
39.55,5.14,8.80,30.29,3708.12
39.55,5.14,8.80,30.29,3677.34
39.55,5.14,8.80,30.29,3669.83
39.55,5.14,8.80,30.29,3645.75
39.55,5.14,8.80,30.29,3555.83
39.55,3.00,8.80,30.29,3563.50
39.55,3.00,8.80,30.29,3563.08
39.55,3.00,8.80,30.29,3557.28
39.55,3.00,8.80,30.29,3564.12
39.55,3.00,8.80,30.29,3565.58
39.55,5.14,8.80,30.29,3576.64
39.55,3.00,8.80,30.29,3572.45
39.55,7.28,21.60,30.29,6360.53
39.55,15.84,18.40,30.29,6215.65
39.55,13.70,20.40,30.29,7034.72
39.55,11.56,20.40,30.29,6980.89
39.20,13.70,21.60,30.90,7398.29
39.20,11.56,21.60,30.90,7674.16
39.20,9.42,21.60,30.90,7946.53
39.20,9.42,22.40,30.90,7913.61
39.20,11.56,22.40,30.90,8196.96
39.20,13.70,23.60,30.90,8812.67
39.20,13.70,23.60,30.90,8418.22
39.20,11.56,22.40,30.90,7400.08
39.20,7.28,8.80,30.90,5166.92
39.20,5.14,8.80,30.90,4291.56
39.20,5.14,8.80,30.90,3994.29
39.20,3.00,8.80,30.90,3992.99
39.55,5.14,8.80,30.90,3870.86
39.55,5.14,8.80,30.90,3766.62
39.55,5.14,9.20,30.90,3620.70
39.55,5.14,8.80,30.90,3471.22
39.55,5.14,8.80,30.29,3484.48
39.55,5.14,8.80,30.29,3406.22
39.55,5.14,8.80,30.29,3401.67
39.55,3.00,8.80,30.90,3379.86
39.55,3.00,9.20,30.90,3460.02
39.55,5.14,8.80,30.90,3413.26
39.55,3.00,8.80,30.29,3411.93
39.55,5.14,8.80,30.29,3362.38
39.55,5.14,8.80,30.29,3367.20
39.55,3.00,8.80,30.29,3367.20
39.55,3.00,8.80,30.29,3425.70
39.55,3.00,8.80,30.90,3464.73
39.55,3.00,8.80,30.90,3524.05
39.55,3.00,8.80,30.90,3541.00
39.55,5.14,8.80,30.90,3561.22
39.55,5.14,8.80,30.90,3594.51
39.55,5.14,8.80,30.90,3565.58
39.55,5.14,8.80,30.90,3600.02
39.55,5.14,8.80,30.90,3578.52
39.55,3.00,8.00,31.50,3352.97
39.55,3.00,8.80,31.50,3432.62
39.55,5.14,8.80,31.50,3448.50
39.55,5.14,8.80,31.50,3477.14
39.55,3.00,8.80,31.50,3478.33
39.55,5.14,8.80,31.50,3511.50
39.55,5.14,8.80,31.50,3596.84
39.55,3.00,8.80,31.50,3672.92
39.55,5.14,8.80,31.50,3681.55
39.55,5.14,8.80,31.50,3672.03
39.55,3.00,8.80,31.50,3648.36
39.55,3.00,8.80,31.50,3618.99
39.55,3.00,8.80,31.50,3618.13
39.55,5.14,8.80,31.50,3620.49
39.55,7.28,8.80,31.50,3619.84
39.55,5.14,8.80,32.11,3541.41
39.55,3.00,8.80,32.11,3544.90
39.55,3.00,8.80,32.11,3552.32
39.55,3.00,8.80,31.50,3563.71
39.55,7.28,21.60,31.50,6282.73
39.55,13.70,19.60,31.50,6267.27
39.55,13.70,20.40,32.11,7012.93
39.20,11.56,20.40,32.11,7476.11
39.20,11.56,21.60,32.11,7965.17
39.20,13.70,21.60,32.11,8039.55
39.20,13.70,20.40,32.11,8060.75
39.20,11.56,22.40,32.11,8230.07
39.20,9.42,22.40,32.11,8216.79
39.20,11.56,22.40,32.11,8507.26
39.20,11.56,22.40,32.11,8437.98
39.20,13.70,23.60,32.11,7959.98
39.20,11.56,23.60,32.11,9302.19
39.20,11.56,21.60,32.72,9324.90
39.20,13.70,22.40,32.72,9734.78
39.20,13.70,23.60,32.11,10344.34
39.20,13.70,23.60,32.11,10446.88
39.20,11.56,23.60,32.11,10411.29
39.20,11.56,24.40,32.11,8231.17
39.20,11.56,22.40,32.11,8528.63
39.20,13.70,23.60,31.50,8962.57
39.20,13.70,24.40,31.50,8990.25
39.20,13.70,24.40,31.50,7795.52
39.20,13.70,20.40,31.50,8810.13
39.20,11.56,21.60,31.50,9054.17
39.20,9.42,21.60,31.50,9172.37
39.20,11.56,22.40,32.11,9951.92
39.20,11.56,23.60,31.50,10150.23
38.85,11.56,24.40,31.50,9497.31
38.85,11.56,25.60,31.50,9042.11
38.85,15.84,24.40,31.50,9909.97
38.85,15.84,24.40,31.50,9877.94
38.85,15.84,25.60,31.50,9323.47
39.20,17.98,25.60,31.50,9977.91
39.20,15.84,24.40,31.50,9909.97
38.85,13.70,25.60,31.50,10527.85
38.85,15.84,24.40,31.50,9817.65
38.85,13.70,24.40,31.50,10177.27
38.85,11.56,24.40,30.90,10363.63
38.85,13.70,24.40,30.90,10759.50
38.85,13.70,24.40,30.90,10240.36
38.85,13.70,26.80,30.90,11170.45
38.85,13.70,24.40,30.90,9693.10
38.85,13.70,25.60,30.90,9964.90
38.85,13.70,23.60,30.90,9561.19
39.20,11.56,23.60,30.90,9816.07
39.20,9.42,25.60,30.90,10195.95
38.85,11.56,25.60,30.90,10830.03
38.85,11.56,25.60,30.90,10841.56
38.85,13.70,27.60,30.90,11388.99
38.85,15.84,27.60,30.29,11188.85
38.85,15.84,27.60,30.29,10971.94
38.85,15.84,27.60,30.29,9227.76
38.85,15.84,27.60,30.29,10477.32
38.85,15.84,26.40,30.29,10383.00
38.85,13.70,26.80,30.29,10255.82
38.85,13.70,26.80,30.29,10160.35
38.85,15.84,25.60,30.29,10340.84
38.85,9.42,8.80,30.29,4594.46
39.20,3.00,8.80,30.29,4209.11
39.20,5.14,8.80,29.68,4066.30
39.20,5.14,8.80,29.68,4024.54
39.55,7.28,14.40,30.29,4425.48
39.55,5.14,12.40,30.29,4162.67
39.55,3.00,12.40,30.90,4190.07
39.55,5.14,12.40,30.90,4218.99
39.55,5.14,12.40,30.90,4242.71
39.55,5.14,12.40,30.90,4242.12
39.55,5.14,13.20,30.90,4408.56
39.20,3.00,16.40,30.90,5045.79
39.20,5.14,20.40,30.90,5843.66
39.20,5.14,20.80,30.90,7370.64
39.20,7.28,20.80,30.90,6552.82
39.20,11.56,20.80,31.50,7163.33
39.20,11.56,20.80,31.50,8212.37
39.20,9.42,20.80,31.50,8370.95
39.20,9.42,20.80,31.50,8662.80
39.20,11.56,20.40,31.50,8678.79
39.20,9.42,20.80,31.50,8825.40
39.20,7.28,20.80,31.50,8867.65
39.20,5.14,12.40,31.50,6406.53
39.20,9.42,20.80,31.50,6459.34
39.20,11.56,20.80,31.50,7743.18
39.20,7.28,20.80,30.90,6638.22
39.20,7.28,20.80,30.90,8441.47
39.20,7.28,20.80,30.90,8503.71
39.20,9.42,20.40,30.90,6793.90
39.20,9.42,20.40,30.90,7267.23
39.20,7.28,20.40,30.90,7048.51
39.20,9.42,20.40,30.90,8118.57
39.20,9.42,20.40,30.90,8281.36
39.20,5.14,8.80,30.90,4822.46
39.20,3.00,8.80,30.90,4604.50
39.20,3.00,8.80,30.90,3951.43
39.20,3.00,8.80,30.90,3781.06
39.55,3.00,8.80,30.90,3701.61
39.55,3.00,8.80,30.90,3642.49
39.55,3.00,8.80,30.90,3620.70
39.20,9.42,19.20,30.90,5934.44
39.20,11.56,21.60,30.90,6459.34
39.20,7.28,18.40,30.90,6615.94
39.20,9.42,19.20,30.90,6633.89
39.20,7.28,18.40,30.90,6552.12
39.20,7.28,21.60,31.50,7321.20
39.20,7.28,18.40,31.50,6812.83
39.20,7.28,19.60,31.50,7271.56
39.20,7.28,20.40,31.50,7463.33
39.20,7.28,21.60,31.50,7910.53
38.85,9.42,21.60,31.50,7457.87
38.85,11.56,23.60,31.50,8703.50
38.85,9.42,21.60,31.50,8365.22
38.85,11.56,23.60,31.50,8812.67
38.85,15.84,22.40,32.11,8559.68
38.85,13.70,23.60,32.11,9734.78
38.85,11.56,22.40,32.11,9676.22
38.85,9.42,20.40,31.50,9653.30
38.85,9.42,22.40,31.50,9854.05
38.85,9.42,21.60,31.50,9862.00
38.85,9.42,21.60,32.11,7952.73
38.85,11.56,21.60,32.11,8419.38
38.85,11.56,23.60,32.11,8523.87
38.85,7.28,8.80,32.11,4763.09
39.20,3.00,8.80,32.11,4467.85
39.20,3.00,8.80,31.50,3772.43
39.20,3.00,9.20,31.50,3755.74
39.20,3.00,8.80,31.50,3615.99
39.20,9.42,17.60,32.11,5130.92
39.20,11.56,16.40,32.11,4987.74
39.20,7.28,16.40,32.11,5079.33
39.20,7.28,16.40,32.11,5085.25
39.20,9.42,16.40,32.11,5472.71
39.20,9.42,16.00,32.11,5670.19
39.20,7.28,16.40,32.72,5604.69
39.20,7.28,16.40,32.72,5792.71
39.20,7.28,16.40,32.72,5789.97
39.20,9.42,16.40,32.72,5446.38
39.20,11.56,16.40,32.72,5693.43
39.20,9.42,16.40,32.72,5596.99
39.20,7.28,16.00,32.72,5674.41
39.20,9.42,16.40,32.72,5783.94
39.20,9.42,16.40,32.72,6689.07
39.20,9.42,16.40,32.72,6785.60
39.20,9.42,16.40,32.72,7122.43
39.20,9.42,16.40,32.72,7753.99
39.20,9.42,16.40,32.72,8417.06
39.20,9.42,16.40,32.72,8146.70
39.20,9.42,16.40,32.72,7034.72
39.20,9.42,16.40,32.72,5446.38
39.20,11.56,16.40,32.72,5558.81
39.20,11.56,16.40,32.72,5774.11
39.20,9.42,12.00,32.11,5065.02
39.20,7.28,12.40,32.11,5063.34
39.20,3.00,12.40,32.11,5128.77
39.20,3.00,12.40,32.72,5061.67
39.20,5.14,12.40,32.72,4784.34
39.55,7.28,12.40,32.72,4622.95
39.20,5.14,12.40,32.11,4528.76
39.20,5.14,12.40,32.11,4520.72
39.20,5.14,12.40,32.11,4539.19
39.20,7.28,12.40,32.72,4563.59
39.20,11.56,19.60,32.72,6103.31
39.20,13.70,20.40,32.72,7405.46
39.20,11.56,17.20,32.72,7723.62
39.20,11.56,18.40,32.72,7110.83
39.20,9.42,18.40,32.72,6470.96
39.20,9.42,19.60,32.72,7129.91
39.20,11.56,19.60,32.72,7487.10
39.20,11.56,21.60,32.72,7533.24
39.20,13.70,21.60,33.33,7726.54
39.20,13.70,23.60,33.33,8421.70
39.20,13.70,23.60,33.33,8648.09
39.20,13.70,22.40,33.33,7898.27
38.85,13.70,22.40,33.33,8577.70
38.85,13.70,22.80,33.33,9020.76
38.85,11.56,23.60,32.72,9525.43
38.85,11.56,21.60,33.33,9550.73
38.85,11.56,22.40,33.33,9717.76
38.85,11.56,22.40,33.33,10076.61
39.20,11.56,21.60,32.72,9877.94
39.20,11.56,21.60,32.72,8683.72
39.20,13.70,21.60,32.72,8262.33
38.85,13.70,22.40,32.72,8523.87
38.85,13.70,22.40,32.72,8028.99
38.85,11.56,21.60,33.33,8211.27
38.85,9.42,18.40,33.33,8241.16
38.85,9.42,19.60,33.33,8501.35
38.85,11.56,21.60,32.72,9046.13
38.85,9.42,22.40,32.72,9363.46
38.85,9.42,23.60,32.72,8858.65
38.85,13.70,24.40,33.33,8488.36
38.85,13.70,24.40,33.33,9261.32
38.85,11.56,24.40,32.72,9257.11
38.85,15.84,25.60,32.72,8691.13
38.85,17.98,24.40,32.72,9789.35
38.85,13.70,24.40,32.72,9532.86
38.85,13.70,23.60,32.72,9696.18
38.85,9.42,12.00,32.72,6175.46
38.85,5.14,8.00,32.11,3286.45
39.20,3.00,8.80,32.11,3293.18
39.20,5.14,8.80,32.11,3314.97
39.20,5.14,8.80,32.11,3321.99
39.55,5.14,8.80,32.11,3357.39
39.55,5.14,8.80,32.11,3362.93
39.55,5.14,8.80,32.11,3361.27
39.55,5.14,8.80,32.11,3371.09
39.55,3.00,8.80,32.11,3363.30
39.55,5.14,8.80,32.11,3413.07
39.55,7.28,8.80,32.11,3409.64
39.55,7.28,8.80,32.11,3407.17
39.20,5.14,8.80,32.11,3472.01
39.20,5.14,8.80,32.11,3539.97
39.20,5.14,8.80,32.11,3651.20
39.20,5.14,8.80,32.11,3666.53
39.20,5.14,8.80,32.11,3642.06
39.20,5.14,8.80,32.11,3568.28
39.20,3.00,8.80,32.11,3554.17
39.20,3.00,8.80,32.72,3561.01
39.20,3.00,8.80,32.72,3557.90
39.55,7.28,18.80,32.72,5428.00
39.20,13.70,19.20,32.72,6083.88
39.20,11.56,17.20,32.72,5857.10
39.20,9.42,18.40,32.72,6470.96
39.20,11.56,18.40,32.72,6561.26
39.20,11.56,18.40,32.72,6912.99
39.20,9.42,18.40,32.72,6516.49
39.20,7.28,19.60,32.72,6787.11
39.20,9.42,20.40,32.72,7637.72
39.20,11.56,21.60,32.72,7885.02
38.85,13.70,22.40,32.72,7973.48
38.85,13.70,22.40,32.72,8315.15
38.85,15.84,24.40,32.72,8240.05
38.85,13.70,22.40,32.72,7858.66
38.85,13.70,23.60,32.72,9598.73
39.20,13.70,22.40,32.72,9440.11
39.20,11.56,21.60,32.72,9454.71
38.85,11.56,21.60,32.72,9670.10
38.85,11.56,20.40,32.72,9131.27
38.85,11.56,21.60,32.72,9399.46
38.85,11.56,20.40,32.72,7946.53
38.85,11.56,21.60,32.72,8236.72
38.85,11.56,22.40,32.72,8190.36
38.85,11.56,23.60,32.72,8699.79
38.85,11.56,23.60,32.11,7352.90
38.85,11.56,18.40,32.11,8370.95
38.85,9.42,19.60,32.11,8668.94
38.85,9.42,20.40,32.11,9237.52
39.20,9.42,21.60,32.11,9060.88
39.20,11.56,23.60,32.11,7198.76
39.20,11.56,24.40,32.11,8557.29
39.20,11.56,24.40,32.11,8859.94
38.85,13.70,25.60,32.11,9278.19
38.85,13.70,25.60,32.11,8833.05
38.85,13.70,25.60,32.11,9462.03
38.85,13.70,23.60,32.72,9601.74
38.85,13.70,22.40,32.72,9463.49
38.85,13.70,22.40,32.72,9367.77
38.85,11.56,22.40,32.72,9641.12
38.85,11.56,21.60,32.72,9559.70
38.85,11.56,21.60,32.11,9844.53
38.85,11.56,22.40,32.11,10060.02
38.85,11.56,24.40,32.11,8261.21
38.85,13.70,24.80,31.50,9164.12
38.85,15.84,26.40,31.50,9008.80
38.85,15.84,26.80,31.50,9100.00
38.85,13.70,21.60,31.50,8840.71
38.85,11.56,19.20,32.11,8334.43
38.85,9.42,20.40,32.11,8848.39
38.85,11.56,21.60,32.11,9377.83
38.85,9.42,21.60,32.11,9405.25
38.85,9.42,23.60,32.11,9451.79
38.85,11.56,24.40,31.50,8262.33
38.85,13.70,25.60,31.50,10104.93
38.85,15.84,26.80,31.50,11087.37
38.50,15.84,27.60,31.50,10917.07
38.50,17.98,27.60,31.50,9191.68
38.50,20.12,20.40,31.50,9213.85
38.50,11.56,7.20,31.50,3998.21
38.50,5.14,8.00,31.50,3378.73
38.85,5.14,8.80,31.50,3444.42
38.85,5.14,8.80,31.50,3489.85
39.20,3.00,8.80,32.11,3522.23
39.20,3.00,8.80,32.11,3537.92
38.85,13.70,24.00,32.11,6715.52
38.85,22.26,24.40,32.11,6949.94
38.85,17.98,24.40,32.72,8929.83
38.85,15.84,24.00,32.72,9131.27
38.85,13.70,24.40,32.72,9120.37
38.85,11.56,24.40,32.72,8616.39
38.85,11.56,24.00,32.72,9881.13
38.85,11.56,24.00,32.72,10151.92
38.85,11.56,24.00,32.72,9158.63
38.85,13.70,24.40,32.72,8356.08
38.85,13.70,24.40,32.72,9071.64
38.85,13.70,24.40,32.72,9568.67
38.85,15.84,24.00,32.72,9451.79
38.85,13.70,24.40,32.72,9544.77
38.85,13.70,24.40,32.72,9622.91
38.85,13.70,24.40,32.72,9588.19
38.85,13.70,24.40,32.72,9553.72
38.85,13.70,24.40,32.72,9588.19
38.85,13.70,24.40,32.72,9762.77
38.85,11.56,24.40,32.72,9858.82
38.85,11.56,24.40,32.72,9951.92
38.85,13.70,24.40,32.11,9963.28
38.85,13.70,24.40,32.11,9951.92
38.85,13.70,24.40,32.11,9951.92
38.50,13.70,24.40,32.11,9977.91
38.50,13.70,24.40,32.11,9636.56
38.50,13.70,24.40,32.11,9747.20
38.50,13.70,24.40,32.11,9781.52
38.50,13.70,24.40,32.11,9753.42
38.85,13.70,24.40,31.50,9728.58
38.85,13.70,24.40,32.11,9682.35
38.85,13.70,24.40,32.11,9589.69
38.85,13.70,24.40,32.11,9492.89
38.85,13.70,24.40,32.11,9492.89
38.50,11.56,24.40,31.50,9492.89
38.50,13.70,24.40,31.50,9501.74
38.50,15.84,24.40,31.50,9503.22
38.85,11.56,16.80,31.50,7545.33
38.85,7.28,6.00,31.50,3462.37
38.85,7.28,9.20,30.90,3318.75
38.85,7.28,8.80,30.90,3411.93
39.20,7.28,8.80,30.29,3410.60
39.20,7.28,8.80,30.29,3387.35
39.20,5.14,8.80,30.29,3353.71
39.20,7.28,8.80,30.29,3430.70
39.20,5.14,8.80,30.29,3538.74
39.20,5.14,8.80,30.29,3590.08
39.20,7.28,8.80,30.29,3598.96
39.20,7.28,8.80,30.90,3591.77
39.20,7.28,8.80,30.90,3570.78
39.20,9.42,8.80,30.90,3541.82
39.20,9.42,8.80,30.90,3544.08
39.20,7.28,8.80,30.90,3550.87
39.20,7.28,8.80,30.90,3563.29
38.85,13.70,19.60,30.90,5993.20
38.85,15.84,22.40,30.90,6590.26
38.85,11.56,20.40,31.50,7363.53
38.85,13.70,21.60,31.50,7712.90
38.85,13.70,22.40,31.50,8437.98
38.85,13.70,21.60,30.90,8019.51
38.85,13.70,19.20,31.50,7513.79
38.85,13.70,22.40,31.50,8050.14
38.85,13.70,23.60,31.50,8129.36
38.85,17.98,22.40,31.50,7419.85
38.85,15.84,19.60,31.50,7910.53
38.85,11.56,19.60,31.50,8280.23
38.85,11.56,19.60,31.50,8547.71
38.85,11.56,20.40,31.50,9140.82
38.85,13.70,21.60,31.50,9662.46
38.85,13.70,22.40,31.50,7308.07
38.50,13.70,23.60,31.50,8825.40
38.50,15.84,23.60,31.50,8727.11
38.50,15.84,23.60,31.50,8886.99
38.50,15.84,25.60,31.50,8234.50
38.50,17.98,22.40,30.90,8603.05
38.50,13.70,23.60,30.90,9564.18
38.50,13.70,23.60,31.50,9711.58
38.50,15.84,23.60,31.50,9574.67
38.50,13.70,24.80,31.50,10027.02
38.50,11.56,23.60,31.50,9671.63
38.50,13.70,22.40,31.50,9783.08
38.50,13.70,24.40,31.50,10290.35
38.85,13.70,24.80,31.50,10446.88
38.85,15.84,23.60,31.50,9336.29
38.85,17.98,22.80,31.50,8010.05
38.85,17.98,22.40,31.50,9197.22
38.85,13.70,22.40,31.50,9801.91
38.85,13.70,22.80,31.50,9900.34
38.85,13.70,23.60,31.50,10209.57
38.85,13.70,23.60,31.50,10461.18
38.85,13.70,23.60,30.90,8478.94
38.85,15.84,25.60,30.90,9377.83
38.50,15.84,25.60,30.90,9197.22
38.50,17.98,23.60,30.90,8657.89
38.50,17.98,22.40,30.90,8635.87
38.50,13.70,20.40,30.90,8574.09
38.50,13.70,21.60,30.90,8914.20
38.50,11.56,23.60,30.90,9208.30
38.50,11.56,23.60,31.50,9481.11
38.50,13.70,24.40,31.50,9903.55
38.50,15.84,25.60,31.50,10204.46
38.50,13.70,23.60,30.90,9532.86
38.50,13.70,24.80,30.90,9479.64
38.50,13.70,26.40,30.90,9186.16
38.50,13.70,25.60,30.90,10126.69
38.50,17.98,26.80,30.90,10240.36
38.50,17.98,26.80,30.90,10230.07
38.50,15.84,24.40,30.90,9625.94
38.50,15.84,24.40,30.29,9722.39
38.50,13.70,24.40,30.29,9696.18
38.50,13.70,24.40,30.90,9495.84
38.50,13.70,23.60,30.90,9363.46
38.50,15.84,23.60,30.90,9491.41
38.50,13.70,22.40,30.29,9194.45
38.50,13.70,20.40,30.29,8520.31
38.50,13.70,20.40,30.29,8514.37
38.50,13.70,20.40,30.29,8668.94
38.85,11.56,21.60,29.68,9202.75
38.85,11.56,22.80,29.68,9852.46
38.50,13.70,23.60,30.29,10370.66
38.50,13.70,26.80,29.68,10068.31
38.50,15.84,26.80,29.68,8688.66
38.50,17.98,28.00,29.68,10511.56
38.50,17.98,27.60,30.29,11250.63
38.50,17.98,27.60,30.29,10767.08
38.50,20.12,27.60,30.29,9077.03
38.50,20.12,27.60,30.29,10342.59
38.50,17.98,26.80,30.29,10353.10
38.50,15.84,26.80,30.29,9895.53
38.50,15.84,25.60,30.29,10390.05
38.50,13.70,24.80,30.29,10030.31
38.50,13.70,24.40,30.29,10128.37
38.50,15.84,26.80,30.29,10761.39
38.50,13.70,25.60,30.29,11071.31
38.50,15.84,28.80,30.29,11474.51
38.50,17.98,28.80,29.68,10968.00
38.50,17.98,25.60,29.68,9047.47
38.50,17.98,24.40,29.68,9630.49
38.50,13.70,22.40,29.68,9171.00
38.50,13.70,24.80,29.68,9670.10
38.50,15.84,25.60,29.68,10522.41
38.50,15.84,26.80,29.68,10621.15
38.50,15.84,27.60,29.68,10621.15
38.15,17.98,29.60,29.68,11463.75
38.15,20.12,30.00,29.68,11063.29
38.15,20.12,29.60,29.68,10872.41
38.15,20.12,27.60,29.68,10471.94
38.15,17.98,27.60,29.68,10455.81
38.15,17.98,26.80,30.29,9973.03
38.50,15.84,25.60,29.68,9589.69
38.50,15.84,25.60,29.68,9852.46
38.50,17.98,26.80,29.68,10098.25
38.50,15.84,26.80,29.68,10862.75
38.50,13.70,24.40,29.68,10386.52
38.50,15.84,23.60,29.68,9447.40
38.50,15.84,23.60,29.07,9586.68
38.50,13.70,24.40,29.07,10031.95
38.50,13.70,24.40,29.68,10330.35
38.50,13.70,25.60,29.68,9979.54
38.50,15.84,26.80,29.68,9314.95
38.50,20.12,26.80,29.68,11603.02
38.50,20.12,30.00,29.68,9723.94
38.15,20.12,30.80,29.68,11444.43
38.15,20.12,30.80,29.68,12408.59
38.15,22.26,30.80,29.68,11057.29
38.15,22.26,28.80,29.68,10068.31
38.15,20.12,28.80,29.68,10506.13
38.50,17.98,28.80,29.68,10837.71
38.50,17.98,28.80,29.68,10818.53
38.50,20.12,28.80,29.68,10641.49
38.50,20.12,28.80,29.68,10577.04
38.50,20.12,29.60,29.68,10782.27
38.50,20.12,22.40,29.68,9425.55
38.50,11.56,6.00,29.68,3876.26
38.50,5.14,8.00,29.68,3363.12
38.85,5.14,8.80,29.68,3425.50
38.85,5.14,8.00,30.90,3316.05
38.85,5.14,8.80,31.50,3435.13
39.20,5.14,8.80,32.11,3468.85
39.20,5.14,8.80,32.11,3495.64
39.20,7.28,8.80,32.72,3521.21
39.20,7.28,8.80,32.72,3557.90
39.20,7.28,8.80,32.72,3553.55
39.20,5.14,8.80,32.72,3548.19
39.20,5.14,8.80,32.72,3552.11
39.20,5.14,9.20,32.72,3595.78
39.20,5.14,8.80,32.72,3564.12
39.20,5.14,8.80,32.72,3555.00
39.20,7.28,8.80,32.72,3536.69
39.20,5.14,8.80,32.72,3455.13
39.20,5.14,8.80,32.72,3431.66
39.20,7.28,8.80,32.72,3384.72
39.20,7.28,8.80,32.72,3452.40
39.20,7.28,8.80,32.72,3564.12
39.20,7.28,8.80,32.72,3551.90
39.20,5.14,9.20,32.72,3576.84
39.20,7.28,9.20,32.72,3606.60
39.20,7.28,8.80,32.72,3498.44
39.20,9.42,9.20,32.72,3518.17
39.20,7.28,8.80,32.72,3528.32
39.20,5.14,8.80,33.33,3597.26
39.20,5.14,8.80,33.33,3546.75
39.20,7.28,8.80,33.33,3551.70
39.20,7.28,8.80,32.72,3562.46
38.85,9.42,20.40,33.33,5908.05
38.85,11.56,20.40,33.33,6155.56
38.85,13.70,20.40,33.33,6874.12
38.85,13.70,20.40,33.33,7983.89
38.85,13.70,21.60,33.33,8097.06
38.85,13.70,21.60,33.33,8420.54
38.85,13.70,22.40,33.33,8646.87
38.85,15.84,21.60,33.33,8640.75
38.85,15.84,21.60,33.33,8649.31
38.85,13.70,21.60,33.33,9113.57
38.50,13.70,21.60,33.33,8984.96
38.50,11.56,22.40,33.33,9202.75
38.50,11.56,22.80,32.72,9180.64
38.50,13.70,22.80,32.72,9165.50
38.50,11.56,21.60,32.72,8905.11
38.50,11.56,21.60,32.72,8551.30
38.85,13.70,20.40,32.11,8768.43
38.85,13.70,20.40,32.72,8890.86
38.85,13.70,20.40,32.72,9119.01
38.85,13.70,21.60,32.11,9531.37
38.50,13.70,24.40,32.11,9526.92
38.50,13.70,22.40,32.11,9940.59
38.50,13.70,25.60,32.11,10693.61
38.50,15.84,23.60,32.11,10051.75
38.50,15.84,23.60,32.11,10314.66
38.50,13.70,23.60,32.11,9078.37
38.50,13.70,23.60,31.50,9753.42
38.50,13.70,25.60,31.50,10201.05
38.50,13.70,24.40,31.50,9838.19
38.50,15.84,24.40,32.11,10114.96
38.50,15.84,23.60,32.11,9462.03
38.50,15.84,23.60,32.11,9491.41
38.50,13.70,22.40,31.50,9123.09
38.50,13.70,20.40,31.50,8586.13
38.50,13.70,19.60,31.50,8320.81
38.50,11.56,19.60,32.11,8345.81
38.50,11.56,20.40,32.11,8670.17
38.50,11.56,21.60,32.11,8863.79
38.50,11.56,22.40,32.11,8956.00
38.50,13.70,23.60,31.50,9283.82
38.50,13.70,24.40,31.50,9307.86
38.50,15.84,24.80,30.90,9390.80
38.50,20.12,25.60,30.90,9753.42
38.50,17.98,24.40,30.90,9667.04
38.50,15.84,25.60,31.50,9897.13
38.50,15.84,24.40,31.50,9736.33
38.50,15.84,25.60,31.50,9731.68
38.50,17.98,24.40,31.50,9619.88
38.50,17.98,25.60,31.50,9932.51
38.50,17.98,25.60,31.50,9710.04
38.50,17.98,25.60,30.90,9873.15
38.50,15.84,24.40,30.90,9540.30
38.50,15.84,24.40,30.90,9479.64
38.50,13.70,20.40,30.90,8512.00
38.50,13.70,19.60,30.90,8207.96
38.50,11.56,19.60,30.90,8123.96
38.50,11.56,19.20,30.90,8224.53
38.50,11.56,19.60,30.90,8253.40
38.50,9.42,19.60,30.90,8260.09
38.50,11.56,18.40,30.29,8059.69
38.50,11.56,19.60,30.29,8263.44
38.50,11.56,19.60,30.29,8257.86
38.50,11.56,19.60,30.29,8338.98
38.50,11.56,19.60,30.29,8362.94
38.50,13.70,19.60,30.29,8411.27
38.50,13.70,19.60,30.29,8414.74
38.50,13.70,20.40,30.29,8532.20
38.50,13.70,21.60,30.29,8948.13
38.50,13.70,21.60,30.29,8924.62
38.50,13.70,22.80,30.29,9165.50
38.50,15.84,22.80,30.29,9169.62
38.50,15.84,25.60,30.29,9559.70
38.50,15.84,24.40,30.29,9506.17
38.50,15.84,25.60,30.29,9262.72
38.50,17.98,26.80,30.29,10066.65
38.50,15.84,26.40,29.68,10264.43
38.50,17.98,24.40,29.68,9940.59
38.15,17.98,26.80,29.68,10187.45
38.15,15.84,25.60,30.29,9905.15
38.15,17.98,26.80,30.29,10173.88
38.15,17.98,26.80,30.29,9969.78
38.15,17.98,26.80,29.68,10017.16
38.15,17.98,26.80,29.68,10018.80
38.15,17.98,26.80,29.68,9966.52
38.15,17.98,26.80,29.68,9934.13
38.15,17.98,26.80,29.68,9789.35
38.15,15.84,24.40,29.68,9071.64
38.15,15.84,23.60,30.29,8840.71
38.15,13.70,25.60,29.68,9286.64
38.50,13.70,22.80,29.68,8739.59
38.50,13.70,22.40,29.68,8710.94
38.50,15.84,23.60,29.68,9082.42
38.50,15.84,23.60,29.68,9255.71
38.50,15.84,24.40,29.07,9576.17
38.50,13.70,24.40,29.07,9600.23
38.50,11.56,25.60,29.07,9927.67
38.50,13.70,22.40,29.07,9157.26
38.50,13.70,21.60,29.07,8725.87
38.50,13.70,20.40,29.07,8825.40
38.50,13.70,21.60,29.07,8954.69
38.50,13.70,21.60,29.07,8687.42
38.50,13.70,21.60,29.07,8689.89
38.50,13.70,21.60,29.07,8382.43
38.50,11.56,21.60,29.07,8392.79
38.50,13.70,21.60,29.07,8353.79
38.50,15.84,22.40,29.07,8491.90
38.50,15.84,22.40,29.07,8539.35
38.50,15.84,24.80,29.07,9142.19
38.50,15.84,25.60,29.07,9784.65
38.50,15.84,26.80,29.07,9986.06
38.50,15.84,27.60,29.07,9956.78
38.50,15.84,27.60,28.46,9950.30
38.50,15.84,22.40,29.07,8988.93
38.50,13.70,22.40,29.07,8936.36
38.50,13.70,23.60,29.07,9050.15
38.50,13.70,24.40,29.07,8885.69
38.50,13.70,24.40,29.07,8884.40
38.15,17.98,25.60,29.07,9586.68
38.15,17.98,27.60,29.07,10113.29
38.15,17.98,26.80,29.07,10046.79
38.15,15.84,25.60,29.07,9663.98
38.15,17.98,24.40,29.07,9435.74
38.15,17.98,22.40,29.07,9213.85
38.15,9.42,6.00,29.07,3970.43
38.50,7.28,20.80,30.29,5819.74
38.50,13.70,20.40,31.50,6004.39
38.50,17.98,20.40,32.11,6182.96
38.85,13.70,20.40,32.72,7438.81
38.85,13.70,20.40,32.72,7279.35
38.85,13.70,20.80,32.72,7449.69
38.50,15.84,20.80,32.72,7402.77
38.50,15.84,20.40,32.72,7693.48
38.50,13.70,20.40,32.72,7467.89
38.50,13.70,20.40,32.72,6854.08
38.50,13.70,20.40,32.72,7517.49
38.50,11.56,20.40,32.72,7965.17
38.50,11.56,20.40,32.72,7963.09
38.50,11.56,20.40,32.72,8552.50
38.50,11.56,20.40,32.72,8451.98
38.50,13.70,20.40,32.72,8648.09
38.50,13.70,20.00,32.72,8548.91
38.50,13.70,20.00,32.72,8516.75
38.50,13.70,20.00,32.72,8508.45
38.50,11.56,16.40,32.72,7469.72
38.50,9.42,16.40,32.72,7446.97
38.50,9.42,16.00,32.11,7436.09
38.85,9.42,11.60,32.11,6035.22
38.85,7.28,8.80,32.11,4891.54
38.85,5.14,8.80,32.11,4627.50
38.85,5.14,8.80,32.11,4006.08
38.85,5.14,8.80,32.11,3720.54
38.85,7.28,8.80,32.11,3603.41
38.85,7.28,8.80,32.11,3563.29
38.85,7.28,8.80,31.50,3566.41
38.85,7.28,8.80,31.50,3572.45
38.85,7.28,8.80,31.50,3574.33
38.85,7.28,8.80,31.50,3570.16
38.85,7.28,8.80,31.50,3620.70
38.85,7.28,8.80,31.50,3653.16
38.85,3.00,6.00,32.11,2586.08
38.85,3.00,6.00,32.11,2633.55
38.85,3.00,6.00,32.72,2666.87
38.85,3.00,6.00,32.72,2685.50
38.85,5.14,6.00,32.72,2674.22
38.85,9.42,20.80,32.72,6129.02
38.85,13.70,22.40,32.72,6702.27
38.50,15.84,21.60,33.33,7687.67
38.50,13.70,22.40,33.33,8484.83
38.50,9.42,22.80,33.33,8637.09
38.50,11.56,22.40,33.33,9047.47
38.50,11.56,22.40,33.33,9231.94
38.50,11.56,22.40,33.33,9091.88
38.50,11.56,21.60,33.33,8836.88
38.50,9.42,21.60,33.33,8952.06
38.50,9.42,21.60,33.33,8899.93
38.50,11.56,21.60,33.33,9215.24
38.50,11.56,21.60,33.33,9379.27
38.50,13.70,23.60,33.33,9547.75
38.50,11.56,23.60,33.33,9667.04
38.50,11.56,23.60,33.33,9784.65
38.50,13.70,23.60,33.33,9786.21
38.50,13.70,23.60,32.72,10000.77
38.50,13.70,23.60,32.72,10045.14
38.50,11.56,22.40,32.72,9750.31
38.50,11.56,23.60,32.72,9722.39
38.50,15.84,23.60,32.72,9349.14
38.50,13.70,22.40,32.72,9244.51
38.50,11.56,20.40,32.72,8513.19
38.50,9.42,18.40,32.72,8167.38
38.50,9.42,19.60,32.72,8299.35
38.50,9.42,19.60,32.72,8474.24
38.50,9.42,19.60,32.72,8426.34
38.50,11.56,20.40,32.72,8664.02
38.50,11.56,21.60,32.11,8845.83
38.50,11.56,22.40,32.11,9229.16
38.50,11.56,23.60,32.11,9568.67
38.50,11.56,24.40,32.11,9571.67
38.50,11.56,24.40,32.11,9522.46
38.50,13.70,25.60,32.11,9385.03
38.15,13.70,24.40,32.11,8693.60
38.15,13.70,23.60,32.11,8806.32
38.15,13.70,24.40,32.11,9236.13
38.15,11.56,24.40,32.11,9389.35
38.15,11.56,24.40,32.11,9390.80
38.15,13.70,24.40,32.11,9627.45
38.15,13.70,24.80,32.11,9606.27
38.15,15.84,24.40,32.11,9619.88
38.15,13.70,24.40,31.50,9583.68
38.15,11.56,20.40,31.50,8697.31
38.50,9.42,20.40,31.50,8367.51
38.50,11.56,19.60,31.50,8220.10
38.50,11.56,19.60,31.50,8271.27
38.50,11.56,18.40,31.50,8145.61
38.50,9.42,19.60,31.50,8378.98
38.15,9.42,21.60,31.50,8839.44
38.15,11.56,20.40,31.50,8582.52
38.15,11.56,21.60,31.50,8844.55
38.15,11.56,22.40,31.50,8849.67
38.15,9.42,21.60,30.90,8810.13
38.15,9.42,23.60,30.90,9555.21
38.15,11.56,23.60,30.90,9303.61
38.15,13.70,24.80,30.90,9040.78
38.15,11.56,25.60,30.90,9197.22
38.15,13.70,25.60,30.90,9507.65
38.15,15.84,26.80,30.90,10184.05
38.15,13.70,26.80,30.90,10207.86
38.15,13.70,25.60,30.90,9960.03
38.15,13.70,26.80,30.90,10050.10
38.15,13.70,26.80,30.90,9854.05
38.15,13.70,26.80,30.90,10123.33
38.15,13.70,25.60,30.90,9756.54
38.15,13.70,26.80,30.90,9809.77
38.15,13.70,24.40,30.29,9360.60
38.15,13.70,23.60,30.29,9064.91
38.15,11.56,23.60,30.29,9211.08
38.15,11.56,22.80,30.29,9086.47
38.15,9.42,22.80,30.29,9090.53
38.15,11.56,22.40,30.29,9070.29
38.15,11.56,23.60,30.29,9537.32
38.15,11.56,23.60,30.29,9528.40
38.15,11.56,22.80,30.29,9261.32
38.15,11.56,23.60,29.68,9571.67
38.15,9.42,23.60,29.68,9583.68
38.15,9.42,23.60,29.68,9476.70
38.15,11.56,23.60,29.68,9595.71
38.15,11.56,23.60,29.07,9662.46
38.15,11.56,23.60,29.68,9615.34
38.15,11.56,23.60,29.68,9679.29
38.15,11.56,19.20,29.68,8831.77
38.50,11.56,20.40,29.68,8831.77
38.50,11.56,21.60,29.68,8991.57
38.50,9.42,21.60,29.68,8667.71
38.50,9.42,21.60,29.68,8820.30
38.15,9.42,22.40,29.68,9066.26
38.15,11.56,21.60,29.68,8835.60
38.15,13.70,23.60,30.29,9238.92
38.15,13.70,23.60,29.68,9125.81
38.15,11.56,22.80,29.68,9066.26
38.50,13.70,23.60,29.68,9412.49
38.50,13.70,24.40,29.68,9451.79
38.15,13.70,24.40,29.68,9568.67
38.15,13.70,25.60,29.68,9961.65
38.15,15.84,26.80,29.68,9942.21
38.15,15.84,27.60,29.68,10279.97
38.15,13.70,22.80,29.68,9158.63
38.15,11.56,22.40,29.68,9062.22
38.15,11.56,24.80,29.68,9337.72
38.15,11.56,23.60,29.68,9297.95
38.15,13.70,23.60,29.68,9265.53
38.50,13.70,23.60,29.68,9357.73
38.15,13.70,24.80,29.68,9642.64
38.15,15.84,26.80,29.68,9833.45
38.15,15.84,26.80,29.68,10150.23
38.15,15.84,28.80,29.68,10427.28
38.15,15.84,27.60,29.68,10260.99
38.15,13.70,24.40,29.68,9585.18
38.15,11.56,23.60,29.68,9292.29
38.15,11.56,22.80,29.07,9131.27
38.15,11.56,20.40,29.07,9023.43
38.15,11.56,19.20,29.07,8654.21
38.15,9.42,6.40,29.68,3630.81
38.50,5.14,17.60,30.29,5187.09
38.50,5.14,16.40,31.50,5135.67
38.50,7.28,16.40,32.11,5216.31
38.50,9.42,16.40,32.11,5477.12
38.50,9.42,16.40,32.11,5638.29
38.50,9.42,16.40,32.11,5812.54
38.50,9.42,16.40,32.11,5403.53
38.50,5.14,16.40,32.72,5309.19
38.50,7.28,16.40,32.72,6675.19
38.50,7.28,16.40,32.72,5982.06
38.50,5.14,16.40,32.72,5744.80
38.50,7.28,16.40,32.72,5657.07
38.50,9.42,16.40,32.72,5419.34
38.50,7.28,16.40,32.72,5483.51
38.50,7.28,16.40,32.72,6470.28
38.50,7.28,16.40,32.72,6832.63
38.50,7.28,16.40,32.72,5562.86
38.50,7.28,16.40,32.72,5417.90
38.50,11.56,16.40,32.72,5425.11
38.50,11.56,16.40,32.72,5450.75
38.50,9.42,16.40,32.72,6778.08
38.50,9.42,16.40,32.72,7143.24
38.50,7.28,16.40,32.72,6830.34
38.50,7.28,16.40,32.72,5583.18
38.50,9.42,16.40,32.72,5805.37
38.50,9.42,16.40,32.72,6667.91
38.50,7.28,16.40,32.72,6969.75
38.50,7.28,16.40,32.72,7023.40
38.50,7.28,16.40,32.72,6961.02
38.50,9.42,16.40,32.72,6796.92
38.50,11.56,16.40,32.72,5966.88
38.50,9.42,16.40,32.72,5111.19
38.50,9.42,16.40,32.72,5574.02
38.50,9.42,16.40,32.72,5484.99
38.50,7.28,16.40,32.72,5509.71
38.50,7.28,16.40,32.72,5431.86
38.50,9.42,16.40,32.72,5893.24
38.50,7.28,16.40,32.72,5371.24
38.50,7.28,16.40,32.72,5402.09
38.50,9.42,16.40,33.33,5770.84
38.50,9.42,16.40,33.33,6633.89
38.50,9.42,16.40,33.33,6931.81
38.50,9.42,16.40,33.33,7049.32
38.50,9.42,16.40,33.33,6933.38
38.50,9.42,16.40,33.33,6831.10
38.50,7.28,16.40,33.33,6686.14
38.50,7.28,16.40,33.33,6773.57
38.50,9.42,16.40,33.33,5956.99
38.50,11.56,16.40,32.72,5815.86
38.50,9.42,16.40,32.72,5369.82
38.50,7.28,16.40,33.33,5416.94
38.50,7.28,16.40,33.33,5408.31
38.50,7.28,16.40,33.33,5389.23
38.50,7.28,16.40,33.33,5402.09
38.50,9.42,16.40,33.33,5354.77
38.50,11.56,16.40,33.33,5386.38
38.50,11.56,16.40,33.33,5393.51
38.50,7.28,16.40,33.33,5415.02
38.50,7.28,16.40,33.33,5520.66
38.50,9.42,16.40,33.94,5433.79
38.50,9.42,16.40,33.94,5594.43
38.50,7.28,16.40,33.94,5875.68
38.50,7.28,16.40,33.94,5862.72
38.50,11.56,16.40,33.94,7207.25
38.50,9.42,16.40,33.94,7684.77
38.50,7.28,16.40,33.94,7897.25
38.50,7.28,16.40,33.94,6164.87
38.50,7.28,16.40,33.94,5073.43
38.50,9.42,16.40,33.94,6261.49
38.50,9.42,16.40,33.94,5056.22
38.50,9.42,16.40,33.94,5727.04
38.50,9.42,16.40,33.94,5962.22
38.50,9.42,15.20,33.94,5127.91
38.50,7.28,14.40,33.94,4443.82
38.50,5.14,20.40,34.54,5708.32
38.50,9.42,24.40,34.54,6736.99
38.50,15.84,28.80,34.54,8023.72
38.50,20.12,36.00,34.54,11653.90
38.15,22.26,36.00,34.54,13562.17
38.15,20.12,36.00,35.15,12649.98
38.15,22.26,35.60,35.15,12239.63
37.80,22.26,36.00,35.15,12623.85
37.80,20.12,36.00,35.15,12022.95
37.80,22.26,36.00,35.15,11940.75
37.80,22.26,36.00,35.15,11933.75
37.80,22.26,36.00,35.15,11667.24
37.80,22.26,36.00,35.15,11592.01
37.80,22.26,36.00,34.54,11474.51
37.80,22.26,36.00,34.54,11442.29
37.80,22.26,36.00,34.54,11156.18
37.80,24.40,36.00,34.54,10386.52
37.80,26.54,36.00,33.94,9236.13
37.80,26.54,36.00,33.94,10402.43
37.80,24.40,36.00,33.33,10551.47
37.80,24.40,36.00,33.33,10643.34
37.80,22.26,36.00,32.72,13046.89
37.80,22.26,36.00,32.72,12464.25
37.80,20.12,36.00,32.72,12161.70
37.80,20.12,36.00,32.72,12004.06
37.80,22.26,36.00,32.11,11770.59
37.80,22.26,36.00,32.11,11822.96
37.80,22.26,36.00,32.11,11535.14
37.80,24.40,36.00,32.11,11476.66
37.80,22.26,36.00,32.11,11388.99
37.80,22.26,36.00,32.11,11374.15
37.80,24.40,36.00,32.11,11217.60
37.80,24.40,36.00,32.11,11135.85
37.45,24.40,36.00,31.50,11317.29
37.45,24.40,36.00,31.50,11336.18
37.45,22.26,36.00,31.50,11384.74
37.45,22.26,36.00,30.90,11374.15
37.45,22.26,36.00,30.90,11376.27
37.45,22.26,36.00,30.90,11315.20
37.45,24.40,36.00,30.90,11279.70
37.45,24.40,36.00,30.90,11240.29
37.45,22.26,36.00,30.29,11105.50
37.80,22.26,36.00,30.29,11248.56
37.45,22.26,36.00,30.29,11201.15
37.45,22.26,36.00,30.29,11269.30
37.45,24.40,36.00,30.29,11342.49
37.45,22.26,36.00,30.29,11480.97
37.45,20.12,36.00,30.29,11662.79
37.45,20.12,36.00,29.68,11680.62
37.80,20.12,36.00,29.68,12008.78
37.45,22.26,36.00,29.68,12103.90
37.45,22.26,36.00,29.07,12548.70
37.45,22.26,36.00,29.07,12528.12
37.45,22.26,36.00,29.07,13097.21
37.45,22.26,36.00,29.07,13216.15
37.45,22.26,36.00,29.68,13066.42
37.45,22.26,36.00,29.68,12152.03
37.80,22.26,36.00,29.68,12001.71
37.80,24.40,36.00,29.68,12022.95
37.45,22.26,35.60,29.68,11857.36
37.45,22.26,36.00,29.68,11689.56
37.45,24.40,36.00,29.68,11440.14
37.45,22.26,36.00,29.68,11438.00
37.45,22.26,36.40,29.68,11546.03
37.45,24.40,36.00,29.68,11374.15
37.45,22.26,36.00,29.68,11438.00
37.45,22.26,36.00,29.07,11576.65
37.45,22.26,36.00,29.07,11603.02
37.45,22.26,36.00,29.68,11685.09
37.45,22.26,36.00,29.68,11866.57
37.45,22.26,36.00,29.68,12099.11
37.45,24.40,36.00,29.68,12323.53
37.45,24.40,36.00,29.68,12348.42
37.45,20.12,36.00,29.68,12579.69
37.45,20.12,36.00,29.68,12747.59
37.45,20.12,36.00,29.68,13139.44
37.45,20.12,36.00,29.68,12629.07
37.45,22.26,36.00,29.68,13038.54
37.45,22.26,36.00,29.68,12707.84
37.45,22.26,36.00,29.07,13299.54
37.80,22.26,36.00,29.68,12441.42
37.45,22.26,36.00,29.68,11121.67
37.45,22.26,36.00,29.68,11933.75
37.45,20.12,36.00,29.07,11662.79
37.45,20.12,36.00,29.07,11716.45
37.45,22.26,36.00,29.07,11438.00
37.45,22.26,36.00,29.68,11414.51
37.45,22.26,36.00,29.68,11369.92
37.45,22.26,36.00,29.68,11254.78
37.45,24.40,36.00,29.68,11109.54
37.45,26.54,36.00,29.68,11067.30
37.45,24.40,36.00,29.68,11160.25
37.45,24.40,36.00,29.68,11172.49
37.45,20.12,36.00,29.68,11225.84
37.45,20.12,36.00,29.07,11336.18
37.45,22.26,36.00,29.07,11374.15
37.45,22.26,36.00,29.07,11502.58
37.45,22.26,36.00,29.07,11611.83
37.45,22.26,36.00,28.46,12025.32
37.45,20.12,36.00,28.46,12418.67
37.45,20.12,36.00,28.46,12271.57
37.45,22.26,36.00,28.46,12497.38
37.45,20.12,36.00,28.46,12281.43
37.45,20.12,36.00,28.46,11797.86
37.45,20.12,36.00,28.46,13210.44
37.45,22.26,36.00,28.46,11651.68
37.45,22.26,36.00,28.46,12032.42
37.45,22.26,36.00,28.46,11896.59
37.45,22.26,36.00,28.46,11603.02
37.45,22.26,36.00,29.07,11427.31
37.45,22.26,36.00,29.07,11528.61
37.45,24.40,36.00,29.07,11455.15
37.45,24.40,36.00,29.07,11420.91
37.45,24.40,36.00,29.07,11365.69
37.45,22.26,36.00,29.07,11380.50
37.45,20.12,36.00,29.07,11480.97
37.45,24.40,36.00,29.07,11578.84
37.45,24.40,36.00,29.07,11485.29
37.45,24.40,36.00,29.07,11506.91
37.45,24.40,36.00,29.07,11550.40
37.45,20.12,36.00,29.07,11465.90
37.45,22.26,36.00,29.07,11408.12
37.45,22.26,36.00,29.07,11388.99
37.45,22.26,36.00,29.07,11380.50
37.45,22.26,36.00,29.07,11380.50
37.45,20.12,36.00,29.07,11511.24
37.45,20.12,36.00,29.07,11472.35
37.45,22.26,36.00,29.07,11483.13
37.45,24.40,36.00,29.07,11620.66
37.45,22.26,36.00,29.07,11682.85
37.45,22.26,36.00,29.07,11818.39
37.45,22.26,36.00,29.07,11822.96
37.45,22.26,36.00,29.07,11809.25
37.45,22.26,36.00,29.07,11784.21
37.45,22.26,36.00,28.46,11832.11
37.45,22.26,36.00,28.46,11903.54
37.45,22.26,36.00,29.07,11957.10
37.45,22.26,36.00,29.07,11743.46
37.45,22.26,36.00,29.07,11694.03
37.45,22.26,36.00,29.07,11468.05
37.10,22.26,36.00,29.07,11399.61
37.10,20.12,36.00,29.07,11369.92
37.10,22.26,36.00,29.07,11321.48
37.10,22.26,36.00,28.46,11180.67
37.10,22.26,36.00,29.07,11195.00
37.45,24.40,36.00,29.07,11219.66
37.45,24.40,36.00,29.07,11083.35
37.45,22.26,36.00,29.07,11105.50
37.45,24.40,36.00,29.07,11089.39
37.45,24.40,36.00,29.07,11182.71
37.45,22.26,36.00,29.07,11154.14
37.45,24.40,36.00,28.46,11115.60
37.45,22.26,36.00,28.46,11135.85
37.45,22.26,36.00,28.46,11099.45
37.45,24.40,36.00,28.46,11143.97
37.10,22.26,36.00,28.46,11111.56
37.10,22.26,36.00,28.46,11099.45
37.10,22.26,36.00,28.46,11156.18
37.10,22.26,36.00,28.46,11053.29
37.10,24.40,36.00,28.46,11125.72
37.10,24.40,36.00,28.46,11075.32
37.10,24.40,36.00,28.46,11021.40
37.10,22.26,36.00,28.46,11047.30
37.10,22.26,36.00,28.46,11049.29
37.10,24.40,36.00,27.86,11176.58
37.10,26.54,36.00,27.86,11067.30
37.10,22.26,36.00,27.86,11071.31
37.10,20.12,36.00,27.86,11059.29
37.10,20.12,36.00,27.86,11081.34
37.10,24.40,36.00,27.86,11281.78
37.10,26.54,36.00,27.86,11365.69
37.10,24.40,36.00,27.86,11656.12
37.10,22.26,36.00,27.86,11896.59
37.10,22.26,36.00,27.86,12173.81
37.10,22.26,36.00,27.86,12108.70
37.45,22.26,36.00,27.86,12049.02
37.10,24.40,36.00,27.86,11915.14
37.10,24.40,36.00,27.86,11882.72
37.10,22.26,36.00,27.86,11820.67
37.10,22.26,36.00,27.86,11640.58
37.10,22.26,36.00,27.86,11563.51
37.45,22.26,36.00,27.86,11572.26
37.45,24.40,36.00,28.46,11127.74
37.45,24.40,36.00,28.46,11164.33
37.10,22.26,36.00,28.46,11087.37
37.10,24.40,36.00,27.86,11178.62
37.10,22.26,36.00,27.86,11156.18
37.10,22.26,36.00,27.86,11143.97
37.10,24.40,36.00,28.46,11105.50
37.45,22.26,36.00,28.46,11232.03
37.45,20.12,36.00,28.46,11043.30
37.45,20.12,36.00,28.46,11075.32
37.45,20.12,36.00,28.46,11221.72
37.45,20.12,36.00,28.46,11308.92
37.45,22.26,36.00,28.46,11273.46
37.45,22.26,36.00,28.46,11306.82
37.45,22.26,36.00,28.46,11317.29
37.10,22.26,36.00,28.46,11378.39
37.10,24.40,36.00,28.46,11376.27
37.10,22.26,36.00,28.46,11485.29
37.10,20.12,36.00,27.86,11461.60
37.10,22.26,36.00,28.46,11734.44
37.10,22.26,36.00,28.46,11945.42
37.10,20.12,36.00,28.46,12296.26
37.45,20.12,36.00,28.46,12731.66
37.45,20.12,36.00,28.46,12592.64
37.45,17.98,36.00,28.46,12385.96
37.10,20.12,36.00,28.46,12205.41
37.10,22.26,36.00,28.46,12600.43
37.10,20.12,36.00,28.46,12431.30
37.10,20.12,36.00,28.46,12715.77
37.10,22.26,36.00,28.46,12559.01
37.10,22.26,36.00,28.46,12678.84
37.10,20.12,36.00,28.46,12330.99
37.10,22.26,36.00,29.07,11896.59
37.10,22.26,36.00,29.07,11725.44
37.10,20.12,36.00,29.07,11813.82
37.10,20.12,36.00,29.07,11836.70
37.10,20.12,36.00,29.07,11687.32
37.10,22.26,36.00,29.07,11539.49
37.10,22.26,36.00,29.07,11405.99
37.10,22.26,36.00,29.07,11363.58
37.10,22.26,36.00,29.07,11017.43
37.10,20.12,36.00,29.07,10960.14
37.10,22.26,36.00,29.07,11166.37
37.10,22.26,36.00,29.07,11107.52
37.10,22.26,36.00,29.07,11109.54
37.10,22.26,36.00,29.07,11129.77
37.10,20.12,36.00,28.46,11097.44
37.10,22.26,36.00,28.46,11119.65
37.10,24.40,36.00,28.46,11095.42
37.10,22.26,36.00,28.46,11141.94
37.10,22.26,36.00,28.46,11013.46
37.10,22.26,36.00,28.46,11121.67
37.10,24.40,36.00,28.46,11532.96
37.10,22.26,36.00,28.46,11901.23
37.10,20.12,36.00,28.46,12269.11
37.10,22.26,36.00,28.46,12398.52
37.10,22.26,36.00,28.46,12564.17
37.10,20.12,36.00,28.46,12449.02
37.10,20.12,36.00,28.46,12787.59
37.10,20.12,36.00,28.46,12474.43
37.10,20.12,36.00,27.86,12178.66
37.10,22.26,36.00,27.86,12004.06
37.10,22.26,36.00,28.46,12018.23
37.10,22.26,36.00,28.46,11880.41
37.10,22.26,36.00,28.46,11636.15
37.10,20.12,36.00,28.46,11636.15
37.10,20.12,36.00,28.46,11640.58
37.10,22.26,36.00,28.46,11559.13
37.10,22.26,36.00,28.46,11403.86
37.10,22.26,36.00,28.46,11448.72
37.10,22.26,36.00,28.46,11410.25
37.10,22.26,36.00,28.46,11552.58
37.10,20.12,36.00,28.46,11539.49
37.10,20.12,36.00,28.46,11873.48
37.10,20.12,36.00,28.46,12571.92
37.10,20.12,36.00,29.07,13224.73
37.10,20.12,36.00,29.07,13201.88
37.10,20.12,36.00,29.07,12592.64
37.10,20.12,36.00,29.07,13247.66
37.10,20.12,36.00,29.07,12903.67
37.10,20.12,36.00,29.07,13565.18
37.10,24.40,36.00,29.07,10390.05
37.10,22.26,36.00,29.07,12876.49
37.10,20.12,36.00,29.07,12806.35
37.10,20.12,36.00,29.68,11761.53
37.10,22.26,36.00,29.68,12039.53
37.10,22.26,36.00,29.68,11940.75
37.10,22.26,36.00,29.68,11685.09
37.10,20.12,36.00,29.68,11775.13
37.10,22.26,36.00,29.68,11399.61
37.10,24.40,36.00,29.68,11221.72
37.10,22.26,36.00,29.68,11277.62
37.10,22.26,36.00,29.68,11003.54
37.10,22.26,36.00,29.68,10977.85
37.10,24.40,36.00,29.68,11005.53
37.10,26.54,36.00,29.68,10979.83
37.10,26.54,36.00,29.68,11131.80
37.10,24.40,36.00,29.68,11029.36
37.10,22.26,36.00,29.68,11176.58
37.10,22.26,36.00,29.07,11298.46
37.10,22.26,36.00,29.07,11313.10
37.10,24.40,36.00,29.07,11271.38
37.10,22.26,36.00,29.07,11565.69
37.10,22.26,36.00,29.07,11784.21
37.10,22.26,36.00,29.07,11929.10
37.10,22.26,36.00,28.46,12156.86
37.10,20.12,36.00,28.46,12224.94
37.10,20.12,36.00,28.46,12652.60
37.10,20.12,36.00,28.46,12271.57
37.10,17.98,36.00,28.46,12065.67
37.10,22.26,36.00,28.46,11989.94
37.10,22.26,36.00,29.07,11718.69
37.10,22.26,36.00,29.07,11491.76
37.10,22.26,36.00,29.07,11455.15
37.10,22.26,36.00,28.46,11522.09
37.10,22.26,36.00,28.46,11433.72
37.10,22.26,36.00,29.07,11372.04
37.10,22.26,36.00,29.07,11246.49
37.10,22.26,36.00,29.07,11321.48
37.10,22.26,36.00,29.07,11363.58
37.10,22.26,36.00,29.07,11384.74
37.10,20.12,36.00,29.07,11380.50
37.10,22.26,36.00,29.07,11374.15
37.10,22.26,36.00,29.07,11498.25
37.10,22.26,36.00,29.07,11513.41
37.10,22.26,36.00,29.07,11600.81
37.10,22.26,36.00,29.07,11651.68
37.10,24.40,36.00,29.07,11720.94
37.10,24.40,36.00,29.07,11559.13
37.10,22.26,36.00,29.07,11509.07
37.10,22.26,36.00,29.07,11600.81
